"","DRG_Cd","GrossCharge","NegotiatedPayment","ProviderCCN","HospName","HospState","DRG_Desc","Avg_Mdcr_Pymt_Amt","Tot_Dschrgs","Compliance","Mkt"
"1","64",47017.71,47017.71,450044,"UT Southwestern University Hospital","TX","INTRACRANIAL HEMORRHAGE OR CEREBRAL INFARCTION W MCC",14005.92,13,"Yes",204
"2","65",25025.32,25025.32,450044,"UT Southwestern University Hospital","TX","INTRACRANIAL HEMORRHAGE OR CEREBRAL INFARCTION W CC OR TPA IN 24 HRS",6168.09,11,"Yes",204
"3","177",45353.78,45353.78,450044,"UT Southwestern University Hospital","TX","RESPIRATORY INFECTIONS & INFLAMMATIONS W MCC",12240.81,57,"Yes",204
"4","189",30103.13,30103.13,450044,"UT Southwestern University Hospital","TX","PULMONARY EDEMA & RESPIRATORY FAILURE",8215.11,62,"Yes",204
"5","190",27623.21,27623.21,450044,"UT Southwestern University Hospital","TX","CHRONIC OBSTRUCTIVE PULMONARY DISEASE W MCC",7205.18,45,"Yes",204
"6","191",21704.83,21704.83,450044,"UT Southwestern University Hospital","TX","CHRONIC OBSTRUCTIVE PULMONARY DISEASE W CC",5557.64,33,"Yes",204
"7","193",32214.38,32214.38,450044,"UT Southwestern University Hospital","TX","SIMPLE PNEUMONIA & PLEURISY W MCC",8903.9,61,"Yes",204
"8","194",21210.81,21210.81,450044,"UT Southwestern University Hospital","TX","SIMPLE PNEUMONIA & PLEURISY W CC",5232.59,39,"Yes",204
"9","208",62484.65,62484.65,450044,"UT Southwestern University Hospital","TX","RESPIRATORY SYSTEM DIAGNOSIS W VENTILATOR SUPPORT <=96 HOURS",17647.17,18,"Yes",204
"10","291",32956.64,32956.64,450044,"UT Southwestern University Hospital","TX","HEART FAILURE & SHOCK W MCC",8594.82,348,"Yes",204
"11","292",21999.77,21999.77,450044,"UT Southwestern University Hospital","TX","HEART FAILURE & SHOCK W CC",5545.08,64,"Yes",204
"12","308",29476.4,29476.4,450044,"UT Southwestern University Hospital","TX","CARDIAC ARRHYTHMIA & CONDUCTION DISORDERS W MCC",7568.63,41,"Yes",204
"13","309",18418.75,18418.75,450044,"UT Southwestern University Hospital","TX","CARDIAC ARRHYTHMIA & CONDUCTION DISORDERS W CC",4343.46,39,"Yes",204
"14","312",20576.7,20576.7,450044,"UT Southwestern University Hospital","TX","SYNCOPE & COLLAPSE",4955.79,19,"Yes",204
"15","378",24410.87,22002.23,450044,"UT Southwestern University Hospital","TX","G.I. HEMORRHAGE W CC",5148.98,54,"Yes",204
"16","389",20198.2,17536.4,450044,"UT Southwestern University Hospital","TX","G.I. OBSTRUCTION W CC",4248.87,31,"Yes",204
"17","391",30584.86,20198.2,450044,"UT Southwestern University Hospital","TX","ESOPHAGITIS, GASTROENT & MISC DIGEST DISORDERS W MCC",7469.02,55,"Yes",204
"18","392",18787.42,14319.14,450044,"UT Southwestern University Hospital","TX","ESOPHAGITIS, GASTROENT & MISC DIGEST DISORDERS W/O MCC",4172.22,79,"Yes",204
"19","470",56299.4,78979.87,450044,"UT Southwestern University Hospital","TX","MAJOR HIP AND KNEE JOINT REPLACEMENT OR REATTACHMENT OF LOWER EXTREM",10015.19,127,"Yes",204
"20","603",20763.49,16899.83,450044,"UT Southwestern University Hospital","TX","CELLULITIS W/O MCC",5236.37,38,"Yes",204
"21","640",30176.87,21613.89,450044,"UT Southwestern University Hospital","TX","MISC DISORDERS OF NUTRITION, METABOLISM, FLUIDS/ELECTROLYTES W MCC",6711.66,71,"Yes",204
"22","641",18507.23,14975.38,450044,"UT Southwestern University Hospital","TX","MISC DISORDERS OF NUTRITION, METABOLISM, FLUIDS/ELECTROLYTES W/O MCC",4437.29,41,"Yes",204
"23","682",36134.58,43667.73,450044,"UT Southwestern University Hospital","TX","RENAL FAILURE W MCC",8854.4,92,"Yes",204
"24","683",21581.94,28286.82,450044,"UT Southwestern University Hospital","TX","RENAL FAILURE W CC",5315.99,119,"Yes",204
"25","689",27313.53,21581.94,450044,"UT Southwestern University Hospital","TX","KIDNEY & URINARY TRACT INFECTIONS W MCC",9486.33,27,"Yes",204
"26","690",19470.69,14931.14,450044,"UT Southwestern University Hospital","TX","KIDNEY & URINARY TRACT INFECTIONS W/O MCC",4499.23,79,"Yes",204
"27","812",21621.27,139285.98,450044,"UT Southwestern University Hospital","TX","RED BLOOD CELL DISORDERS W/O MCC",5183.92,88,"Yes",204
"28","853",121528.38,30761.82,450044,"UT Southwestern University Hospital","TX","INFECTIOUS & PARASITIC DISEASES W O.R. PROCEDURE W MCC",40400,77,"Yes",204
"29","871",45916.62,140074.94,450044,"UT Southwestern University Hospital","TX","SEPTICEMIA OR SEVERE SEPSIS W/O MV >96 HOURS W MCC",12513.49,511,"Yes",204
"30","872",25108.88,55516.79,450044,"UT Southwestern University Hospital","TX","SEPTICEMIA OR SEVERE SEPSIS W/O MV >96 HOURS W/O MCC",5940.6,124,"Yes",204
"31","64",27698.19893,10782,450137,"Baylor Scott And White All Saints Medical Center","TX","INTRACRANIAL HEMORRHAGE OR CEREBRAL INFARCTION W MCC",11421.23,22,"Yes",139
"32","65",14742.44964,5739,450137,"Baylor Scott And White All Saints Medical Center","TX","INTRACRANIAL HEMORRHAGE OR CEREBRAL INFARCTION W CC OR TPA IN 24 HRS",6197.42,24,"Yes",139
"33","177",26717.97517,10400,450137,"Baylor Scott And White All Saints Medical Center","TX","RESPIRATORY INFECTIONS & INFLAMMATIONS W MCC",11536.64,25,"Yes",139
"34","189",17733.79721,6903,450137,"Baylor Scott And White All Saints Medical Center","TX","PULMONARY EDEMA & RESPIRATORY FAILURE",8406.31,54,"Yes",139
"35","190",16272.87286,6334,450137,"Baylor Scott And White All Saints Medical Center","TX","CHRONIC OBSTRUCTIVE PULMONARY DISEASE W MCC",7708.24,49,"Yes",139
"36","191",12786.34578,4977,450137,"Baylor Scott And White All Saints Medical Center","TX","CHRONIC OBSTRUCTIVE PULMONARY DISEASE W CC",6210.94,31,"Yes",139
"37","193",18977.53756,7387,450137,"Baylor Scott And White All Saints Medical Center","TX","SIMPLE PNEUMONIA & PLEURISY W MCC",8527.6,58,"Yes",139
"38","194",12495.31923,4864,450137,"Baylor Scott And White All Saints Medical Center","TX","SIMPLE PNEUMONIA & PLEURISY W CC",5759,61,"Yes",139
"39","208",36809.79151,14328,450137,"Baylor Scott And White All Saints Medical Center","TX","RESPIRATORY SYSTEM DIAGNOSIS W VENTILATOR SUPPORT <=96 HOURS",15003.77,22,"Yes",139
"40","291",19414.80133,7557,450137,"Baylor Scott And White All Saints Medical Center","TX","HEART FAILURE & SHOCK W MCC",9405.9,128,"Yes",139
"41","292",12960.09298,5045,450137,"Baylor Scott And White All Saints Medical Center","TX","HEART FAILURE & SHOCK W CC",6069.3,40,"Yes",139
"42","308",17364.58441,6759,450137,"Baylor Scott And White All Saints Medical Center","TX","CARDIAC ARRHYTHMIA & CONDUCTION DISORDERS W MCC",8132.06,49,"Yes",139
"43","309",10850.51243,4224,450137,"Baylor Scott And White All Saints Medical Center","TX","CARDIAC ARRHYTHMIA & CONDUCTION DISORDERS W CC",5068.06,36,"Yes",139
"44","312",12121.76275,4718,450137,"Baylor Scott And White All Saints Medical Center","TX","SYNCOPE & COLLAPSE",5240.44,25,"Yes",139
"45","378",14380.47631,5598,450137,"Baylor Scott And White All Saints Medical Center","TX","G.I. HEMORRHAGE W CC",6326.74,53,"Yes",139
"46","389",11898.78718,4632,450137,"Baylor Scott And White All Saints Medical Center","TX","G.I. OBSTRUCTION W CC",4968.04,26,"Yes",139
"47","391",18017.58429,7013,450137,"Baylor Scott And White All Saints Medical Center","TX","ESOPHAGITIS, GASTROENT & MISC DIGEST DISORDERS W MCC",7961.93,44,"Yes",139
"48","392",11067.69643,4308,450137,"Baylor Scott And White All Saints Medical Center","TX","ESOPHAGITIS, GASTROENT & MISC DIGEST DISORDERS W/O MCC",4829.44,72,"Yes",139
"49","470",31202,10708,450137,"Baylor Scott And White All Saints Medical Center","TX","MAJOR HIP AND KNEE JOINT REPLACEMENT OR REATTACHMENT OF LOWER EXTREM",12493.32,19,"Yes",139
"50","603",12231.80264,4761,450137,"Baylor Scott And White All Saints Medical Center","TX","CELLULITIS W/O MCC",5485.12,59,"Yes",139
"51","640",17777.234,6920,450137,"Baylor Scott And White All Saints Medical Center","TX","MISC DISORDERS OF NUTRITION, METABOLISM, FLUIDS/ELECTROLYTES W MCC",7653.62,55,"Yes",139
"52","641",10902.63659,4244,450137,"Baylor Scott And White All Saints Medical Center","TX","MISC DISORDERS OF NUTRITION, METABOLISM, FLUIDS/ELECTROLYTES W/O MCC",5200.07,28,"Yes",139
"53","682",21286.92738,8286,450137,"Baylor Scott And White All Saints Medical Center","TX","RENAL FAILURE W MCC",9901.77,57,"Yes",139
"54","683",12713.95112,4949,450137,"Baylor Scott And White All Saints Medical Center","TX","RENAL FAILURE W CC",6086.89,61,"Yes",139
"55","689",16090.4383,6263,450137,"Baylor Scott And White All Saints Medical Center","TX","KIDNEY & URINARY TRACT INFECTIONS W MCC",7373.02,50,"Yes",139
"56","690",11470.21077,4465,450137,"Baylor Scott And White All Saints Medical Center","TX","KIDNEY & URINARY TRACT INFECTIONS W/O MCC",5325.61,84,"Yes",139
"57","812",12737.11741,4958,450137,"Baylor Scott And White All Saints Medical Center","TX","RED BLOOD CELL DISORDERS W/O MCC",5741.76,25,"Yes",139
"58","853",71592.53238,27868,450137,"Baylor Scott And White All Saints Medical Center","TX","INFECTIOUS & PARASITIC DISEASES W O.R. PROCEDURE W MCC",38469.56,36,"Yes",139
"59","871",27049.54273,10529,450137,"Baylor Scott And White All Saints Medical Center","TX","SEPTICEMIA OR SEVERE SEPSIS W/O MV >96 HOURS W MCC",12617.77,185,"Yes",139
"60","872",14791.67801,5758,450137,"Baylor Scott And White All Saints Medical Center","TX","SEPTICEMIA OR SEVERE SEPSIS W/O MV >96 HOURS W/O MCC",6244.44,61,"Yes",139
"61","64",24016,10782,450563,"Baylor Scott & White Medical Center  Grapevine","TX","INTRACRANIAL HEMORRHAGE OR CEREBRAL INFARCTION W MCC",9580.2,45,"Yes",139
"62","65",12782,5739,450563,"Baylor Scott & White Medical Center  Grapevine","TX","INTRACRANIAL HEMORRHAGE OR CEREBRAL INFARCTION W CC OR TPA IN 24 HRS",4583.65,63,"Yes",139
"63","177",23166,10400,450563,"Baylor Scott & White Medical Center  Grapevine","TX","RESPIRATORY INFECTIONS & INFLAMMATIONS W MCC",9373.04,55,"Yes",139
"64","189",15376,6903,450563,"Baylor Scott & White Medical Center  Grapevine","TX","PULMONARY EDEMA & RESPIRATORY FAILURE",5889.54,81,"Yes",139
"65","190",14109,6334,450563,"Baylor Scott & White Medical Center  Grapevine","TX","CHRONIC OBSTRUCTIVE PULMONARY DISEASE W MCC",5907.51,43,"Yes",139
"66","191",11086,4977,450563,"Baylor Scott & White Medical Center  Grapevine","TX","CHRONIC OBSTRUCTIVE PULMONARY DISEASE W CC",3822.74,27,"Yes",139
"67","193",16455,7387,450563,"Baylor Scott & White Medical Center  Grapevine","TX","SIMPLE PNEUMONIA & PLEURISY W MCC",6272.61,83,"Yes",139
"68","194",10834,4864,450563,"Baylor Scott & White Medical Center  Grapevine","TX","SIMPLE PNEUMONIA & PLEURISY W CC",3807.7,76,"Yes",139
"69","208",31916,14328,450563,"Baylor Scott & White Medical Center  Grapevine","TX","RESPIRATORY SYSTEM DIAGNOSIS W VENTILATOR SUPPORT <=96 HOURS",12741.07,27,"Yes",139
"70","291",16834,7557,450563,"Baylor Scott & White Medical Center  Grapevine","TX","HEART FAILURE & SHOCK W MCC",6624.89,116,"Yes",139
"71","292",11237,5045,450563,"Baylor Scott & White Medical Center  Grapevine","TX","HEART FAILURE & SHOCK W CC",4183.97,36,"Yes",139
"72","308",15056,6759,450563,"Baylor Scott & White Medical Center  Grapevine","TX","CARDIAC ARRHYTHMIA & CONDUCTION DISORDERS W MCC",6207.19,27,"Yes",139
"73","309",9408,4224,450563,"Baylor Scott & White Medical Center  Grapevine","TX","CARDIAC ARRHYTHMIA & CONDUCTION DISORDERS W CC",2986.36,33,"Yes",139
"74","312",10510,4718,450563,"Baylor Scott & White Medical Center  Grapevine","TX","SYNCOPE & COLLAPSE",3600.26,39,"Yes",139
"75","378",12469,5598,450563,"Baylor Scott & White Medical Center  Grapevine","TX","G.I. HEMORRHAGE W CC",4641.84,50,"Yes",139
"76","389",10317,4632,450563,"Baylor Scott & White Medical Center  Grapevine","TX","G.I. OBSTRUCTION W CC",3836.79,24,"Yes",139
"77","391",15622,7013,450563,"Baylor Scott & White Medical Center  Grapevine","TX","ESOPHAGITIS, GASTROENT & MISC DIGEST DISORDERS W MCC",6807.74,31,"Yes",139
"78","392",9596,4308,450563,"Baylor Scott & White Medical Center  Grapevine","TX","ESOPHAGITIS, GASTROENT & MISC DIGEST DISORDERS W/O MCC",2998.97,73,"Yes",139
"79","470",31202,10708,450563,"Baylor Scott & White Medical Center  Grapevine","TX","MAJOR HIP AND KNEE JOINT REPLACEMENT OR REATTACHMENT OF LOWER EXTREM",9263.01,174,"Yes",139
"80","603",10606,4761,450563,"Baylor Scott & White Medical Center  Grapevine","TX","CELLULITIS W/O MCC",3518.55,58,"Yes",139
"81","640",15414,6920,450563,"Baylor Scott & White Medical Center  Grapevine","TX","MISC DISORDERS OF NUTRITION, METABOLISM, FLUIDS/ELECTROLYTES W MCC",6058,22,"Yes",139
"82","641",9453,4244,450563,"Baylor Scott & White Medical Center  Grapevine","TX","MISC DISORDERS OF NUTRITION, METABOLISM, FLUIDS/ELECTROLYTES W/O MCC",3220.84,37,"Yes",139
"83","682",18457,8286,450563,"Baylor Scott & White Medical Center  Grapevine","TX","RENAL FAILURE W MCC",8753.65,57,"Yes",139
"84","683",11024,4949,450563,"Baylor Scott & White Medical Center  Grapevine","TX","RENAL FAILURE W CC",4370.48,81,"Yes",139
"85","689",13951,6263,450563,"Baylor Scott & White Medical Center  Grapevine","TX","KIDNEY & URINARY TRACT INFECTIONS W MCC",5434.85,48,"Yes",139
"86","690",9945,4465,450563,"Baylor Scott & White Medical Center  Grapevine","TX","KIDNEY & URINARY TRACT INFECTIONS W/O MCC",3590.26,86,"Yes",139
"87","812",11044,4958,450563,"Baylor Scott & White Medical Center  Grapevine","TX","RED BLOOD CELL DISORDERS W/O MCC",4350.35,26,"Yes",139
"88","853",62075,27868,450563,"Baylor Scott & White Medical Center  Grapevine","TX","INFECTIOUS & PARASITIC DISEASES W O.R. PROCEDURE W MCC",28484,24,"Yes",139
"89","871",23453,10529,450563,"Baylor Scott & White Medical Center  Grapevine","TX","SEPTICEMIA OR SEVERE SEPSIS W/O MV >96 HOURS W MCC",8702.2,199,"Yes",139
"90","872",12825,5758,450563,"Baylor Scott & White Medical Center  Grapevine","TX","SEPTICEMIA OR SEVERE SEPSIS W/O MV >96 HOURS W/O MCC",4885.18,85,"Yes",139
"91","64",26486.24503,10782,450079,"Baylor Medical Center At Irving","TX","INTRACRANIAL HEMORRHAGE OR CEREBRAL INFARCTION W MCC",10045.24,17,"Yes",204
"92","65",14097.38353,5739,450079,"Baylor Medical Center At Irving","TX","INTRACRANIAL HEMORRHAGE OR CEREBRAL INFARCTION W CC OR TPA IN 24 HRS",6606.53,19,"Yes",204
"93","177",25548.91163,10400,450079,"Baylor Medical Center At Irving","TX","RESPIRATORY INFECTIONS & INFLAMMATIONS W MCC",11076.52,27,"Yes",204
"94","189",16957.84261,6903,450079,"Baylor Medical Center At Irving","TX","PULMONARY EDEMA & RESPIRATORY FAILURE",8198.64,74,"Yes",204
"95","190",15560.84202,6334,450079,"Baylor Medical Center At Irving","TX","CHRONIC OBSTRUCTIVE PULMONARY DISEASE W MCC",7654.83,95,"Yes",204
"96","191",12226.87035,4977,450079,"Baylor Medical Center At Irving","TX","CHRONIC OBSTRUCTIVE PULMONARY DISEASE W CC",6231.23,13,"Yes",204
"97","193",18147.16224,7387,450079,"Baylor Medical Center At Irving","TX","SIMPLE PNEUMONIA & PLEURISY W MCC",8543.78,50,"Yes",204
"98","194",11948.57787,4864,450079,"Baylor Medical Center At Irving","TX","SIMPLE PNEUMONIA & PLEURISY W CC",6094.63,30,"Yes",204
"99","208",35199.15355,14328,450079,"Baylor Medical Center At Irving","TX","RESPIRATORY SYSTEM DIAGNOSIS W VENTILATOR SUPPORT <=96 HOURS",15767.12,17,"Yes",204
"100","291",18565.29323,7557,450079,"Baylor Medical Center At Irving","TX","HEART FAILURE & SHOCK W MCC",9102.3,110,"Yes",204
"101","292",12393.01512,5045,450079,"Baylor Medical Center At Irving","TX","HEART FAILURE & SHOCK W CC",5912.69,26,"Yes",204
"102","308",16604.78498,6759,450079,"Baylor Medical Center At Irving","TX","CARDIAC ARRHYTHMIA & CONDUCTION DISORDERS W MCC",8017.94,31,"Yes",204
"103","309",10375.74073,4224,450079,"Baylor Medical Center At Irving","TX","CARDIAC ARRHYTHMIA & CONDUCTION DISORDERS W CC",4825.19,27,"Yes",204
"104","312",11591.36662,4718,450079,"Baylor Medical Center At Irving","TX","SYNCOPE & COLLAPSE",5281.5,14,"Yes",204
"105","378",13751.24859,5598,450079,"Baylor Medical Center At Irving","TX","G.I. HEMORRHAGE W CC",6423.81,32,"Yes",204
"106","389",11378.1475,4632,450079,"Baylor Medical Center At Irving","TX","G.I. OBSTRUCTION W CC",5532.1,20,"Yes",204
"107","391",17229.2124,7013,450079,"Baylor Medical Center At Irving","TX","ESOPHAGITIS, GASTROENT & MISC DIGEST DISORDERS W MCC",7643.4,20,"Yes",204
"108","392",10583.42169,4308,450079,"Baylor Medical Center At Irving","TX","ESOPHAGITIS, GASTROENT & MISC DIGEST DISORDERS W/O MCC",5299.81,27,"Yes",204
"109","470",31202,10708,450079,"Baylor Medical Center At Irving","TX","MAJOR HIP AND KNEE JOINT REPLACEMENT OR REATTACHMENT OF LOWER EXTREM",12615.92,13,"Yes",204
"110","603",11696.59164,4761,450079,"Baylor Medical Center At Irving","TX","CELLULITIS W/O MCC",5357.61,41,"Yes",204
"111","640",16999.3788,6920,450079,"Baylor Medical Center At Irving","TX","MISC DISORDERS OF NUTRITION, METABOLISM, FLUIDS/ELECTROLYTES W MCC",7784.52,61,"Yes",204
"112","641",10425.58416,4244,450079,"Baylor Medical Center At Irving","TX","MISC DISORDERS OF NUTRITION, METABOLISM, FLUIDS/ELECTROLYTES W/O MCC",4914.59,41,"Yes",204
"113","682",20355.5031,8286,450079,"Baylor Medical Center At Irving","TX","RENAL FAILURE W MCC",9541.1,51,"Yes",204
"114","683",12157.64337,4949,450079,"Baylor Medical Center At Irving","TX","RENAL FAILURE W CC",6014.96,56,"Yes",204
"115","689",15386.39002,6263,450079,"Baylor Medical Center At Irving","TX","KIDNEY & URINARY TRACT INFECTIONS W MCC",7322.43,30,"Yes",204
"116","690",10968.32374,4465,450079,"Baylor Medical Center At Irving","TX","KIDNEY & URINARY TRACT INFECTIONS W/O MCC",5437.38,45,"Yes",204
"117","812",12179.796,4958,450079,"Baylor Medical Center At Irving","TX","RED BLOOD CELL DISORDERS W/O MCC",6005.21,14,"Yes",204
"118","853",68459.95147,27868,450079,"Baylor Medical Center At Irving","TX","INFECTIOUS & PARASITIC DISEASES W O.R. PROCEDURE W MCC",29511.19,37,"Yes",204
"119","871",25865.97123,10529,450079,"Baylor Medical Center At Irving","TX","SEPTICEMIA OR SEVERE SEPSIS W/O MV >96 HOURS W MCC",11820.61,262,"Yes",204
"120","872",14144.45788,5758,450079,"Baylor Medical Center At Irving","TX","SEPTICEMIA OR SEVERE SEPSIS W/O MV >96 HOURS W/O MCC",6831.69,70,"Yes",204
"121","64",26486.24503,10782,450742,"Baylor Scott And White Medical Center Lake Pointe","TX","INTRACRANIAL HEMORRHAGE OR CEREBRAL INFARCTION W MCC",10594.15,13,"Yes",204
"122","65",14097.38353,5739,450742,"Baylor Scott And White Medical Center Lake Pointe","TX","INTRACRANIAL HEMORRHAGE OR CEREBRAL INFARCTION W CC OR TPA IN 24 HRS",6250.91,33,"Yes",204
"123","177",25548.91163,10400,450742,"Baylor Scott And White Medical Center Lake Pointe","TX","RESPIRATORY INFECTIONS & INFLAMMATIONS W MCC",10340.07,14,"Yes",204
"124","189",16957.84261,6903,450742,"Baylor Scott And White Medical Center Lake Pointe","TX","PULMONARY EDEMA & RESPIRATORY FAILURE",7940.27,26,"Yes",204
"125","190",15560.84202,6334,450742,"Baylor Scott And White Medical Center Lake Pointe","TX","CHRONIC OBSTRUCTIVE PULMONARY DISEASE W MCC",7116.63,49,"Yes",204
"126","191",12226.87035,4977,450742,"Baylor Scott And White Medical Center Lake Pointe","TX","CHRONIC OBSTRUCTIVE PULMONARY DISEASE W CC",5783.2,15,"Yes",204
"127","193",18147.16224,7387,450742,"Baylor Scott And White Medical Center Lake Pointe","TX","SIMPLE PNEUMONIA & PLEURISY W MCC",7902.72,67,"Yes",204
"128","194",11948.57787,4864,450742,"Baylor Scott And White Medical Center Lake Pointe","TX","SIMPLE PNEUMONIA & PLEURISY W CC",5587.95,41,"Yes",204
"129","208",35199.15355,14328,450742,"Baylor Scott And White Medical Center Lake Pointe","TX","RESPIRATORY SYSTEM DIAGNOSIS W VENTILATOR SUPPORT <=96 HOURS",14235.64,14,"Yes",204
"130","291",18565.29323,7557,450742,"Baylor Scott And White Medical Center Lake Pointe","TX","HEART FAILURE & SHOCK W MCC",8383.39,110,"Yes",204
"131","292",12393.01512,5045,450742,"Baylor Scott And White Medical Center Lake Pointe","TX","HEART FAILURE & SHOCK W CC",5880.46,26,"Yes",204
"132","308",16604.78498,6759,450742,"Baylor Scott And White Medical Center Lake Pointe","TX","CARDIAC ARRHYTHMIA & CONDUCTION DISORDERS W MCC",7588.82,34,"Yes",204
"133","309",10375.74073,4224,450742,"Baylor Scott And White Medical Center Lake Pointe","TX","CARDIAC ARRHYTHMIA & CONDUCTION DISORDERS W CC",4871.38,13,"Yes",204
"134","312",11591.36662,4718,450742,"Baylor Scott And White Medical Center Lake Pointe","TX","SYNCOPE & COLLAPSE",5144.53,19,"Yes",204
"135","378",13751.24859,5598,450742,"Baylor Scott And White Medical Center Lake Pointe","TX","G.I. HEMORRHAGE W CC",5445.17,23,"Yes",204
"136","389",11378.1475,4632,450742,"Baylor Scott And White Medical Center Lake Pointe","TX","G.I. OBSTRUCTION W CC",5169.27,11,"Yes",204
"137","391",17229.2124,7013,450742,"Baylor Scott And White Medical Center Lake Pointe","TX","ESOPHAGITIS, GASTROENT & MISC DIGEST DISORDERS W MCC",7857.56,18,"Yes",204
"138","392",10583.42169,4308,450742,"Baylor Scott And White Medical Center Lake Pointe","TX","ESOPHAGITIS, GASTROENT & MISC DIGEST DISORDERS W/O MCC",4492.22,49,"Yes",204
"139","470",31202,10708,450742,"Baylor Scott And White Medical Center Lake Pointe","TX","MAJOR HIP AND KNEE JOINT REPLACEMENT OR REATTACHMENT OF LOWER EXTREM",12012.47,19,"Yes",204
"140","603",11696.59164,4761,450742,"Baylor Scott And White Medical Center Lake Pointe","TX","CELLULITIS W/O MCC",5060.43,23,"Yes",204
"141","640",16999.3788,6920,450742,"Baylor Scott And White Medical Center Lake Pointe","TX","MISC DISORDERS OF NUTRITION, METABOLISM, FLUIDS/ELECTROLYTES W MCC",7547.97,33,"Yes",204
"142","641",10425.58416,4244,450742,"Baylor Scott And White Medical Center Lake Pointe","TX","MISC DISORDERS OF NUTRITION, METABOLISM, FLUIDS/ELECTROLYTES W/O MCC",4281.55,22,"Yes",204
"143","682",20355.5031,8286,450742,"Baylor Scott And White Medical Center Lake Pointe","TX","RENAL FAILURE W MCC",9490.3,23,"Yes",204
"144","683",12157.64337,4949,450742,"Baylor Scott And White Medical Center Lake Pointe","TX","RENAL FAILURE W CC",5954.8,30,"Yes",204
"145","689",15386.39002,6263,450742,"Baylor Scott And White Medical Center Lake Pointe","TX","KIDNEY & URINARY TRACT INFECTIONS W MCC",6855.85,27,"Yes",204
"146","690",10968.32374,4465,450742,"Baylor Scott And White Medical Center Lake Pointe","TX","KIDNEY & URINARY TRACT INFECTIONS W/O MCC",4938.43,47,"Yes",204
"147","812",12179.796,4958,450742,"Baylor Scott And White Medical Center Lake Pointe","TX","RED BLOOD CELL DISORDERS W/O MCC",5956.45,11,"Yes",204
"148","853",68459.95147,27868,450742,"Baylor Scott And White Medical Center Lake Pointe","TX","INFECTIOUS & PARASITIC DISEASES W O.R. PROCEDURE W MCC",29906.71,14,"Yes",204
"149","871",25865.97123,10529,450742,"Baylor Scott And White Medical Center Lake Pointe","TX","SEPTICEMIA OR SEVERE SEPSIS W/O MV >96 HOURS W MCC",11010.23,158,"Yes",204
"150","872",14144.45788,5758,450742,"Baylor Scott And White Medical Center Lake Pointe","TX","SEPTICEMIA OR SEVERE SEPSIS W/O MV >96 HOURS W/O MCC",6270.95,21,"Yes",204
"151","64",27379.63368,10782,450021,"Baylor University Medical Center","TX","INTRACRANIAL HEMORRHAGE OR CEREBRAL INFARCTION W MCC",12324.57,141,"Yes",204
"152","65",14572.89232,5739,450021,"Baylor University Medical Center","TX","INTRACRANIAL HEMORRHAGE OR CEREBRAL INFARCTION W CC OR TPA IN 24 HRS",6716.38,180,"Yes",204
"153","177",26410.68376,10400,450021,"Baylor University Medical Center","TX","RESPIRATORY INFECTIONS & INFLAMMATIONS W MCC",11832.17,29,"Yes",204
"154","189",17529.83551,6903,450021,"Baylor University Medical Center","TX","PULMONARY EDEMA & RESPIRATORY FAILURE",8487.26,154,"Yes",204
"155","190",16085.71369,6334,450021,"Baylor University Medical Center","TX","CHRONIC OBSTRUCTIVE PULMONARY DISEASE W MCC",7750.88,90,"Yes",204
"156","191",12639.2862,4977,450021,"Baylor University Medical Center","TX","CHRONIC OBSTRUCTIVE PULMONARY DISEASE W CC",6180.69,49,"Yes",204
"157","193",18759.27123,7387,450021,"Baylor University Medical Center","TX","SIMPLE PNEUMONIA & PLEURISY W MCC",8674.32,116,"Yes",204
"158","194",12351.60683,4864,450021,"Baylor University Medical Center","TX","SIMPLE PNEUMONIA & PLEURISY W CC",5886.47,119,"Yes",204
"159","208",36386.43111,14328,450021,"Baylor University Medical Center","TX","RESPIRATORY SYSTEM DIAGNOSIS W VENTILATOR SUPPORT <=96 HOURS",16420.99,98,"Yes",204
"160","291",19191.50591,7557,450021,"Baylor University Medical Center","TX","HEART FAILURE & SHOCK W MCC",9248.24,395,"Yes",204
"161","292",12811.03508,5045,450021,"Baylor University Medical Center","TX","HEART FAILURE & SHOCK W CC",6254.6,110,"Yes",204
"162","308",17164.86915,6759,450021,"Baylor University Medical Center","TX","CARDIAC ARRHYTHMIA & CONDUCTION DISORDERS W MCC",8731.6,55,"Yes",204
"163","309",10725.71745,4224,450021,"Baylor University Medical Center","TX","CARDIAC ARRHYTHMIA & CONDUCTION DISORDERS W CC",4704.95,38,"Yes",204
"164","312",11982.34674,4718,450021,"Baylor University Medical Center","TX","SYNCOPE & COLLAPSE",5655.16,73,"Yes",204
"165","378",14215.08216,5598,450021,"Baylor University Medical Center","TX","G.I. HEMORRHAGE W CC",6671.68,159,"Yes",204
"166","389",11761.93568,4632,450021,"Baylor University Medical Center","TX","G.I. OBSTRUCTION W CC",5746.1,63,"Yes",204
"167","391",17810.35868,7013,450021,"Baylor University Medical Center","TX","ESOPHAGITIS, GASTROENT & MISC DIGEST DISORDERS W MCC",8587.03,64,"Yes",204
"168","392",10940.40355,4308,450021,"Baylor University Medical Center","TX","ESOPHAGITIS, GASTROENT & MISC DIGEST DISORDERS W/O MCC",4952.44,152,"Yes",204
"169","470",31202,10708,450021,"Baylor University Medical Center","TX","MAJOR HIP AND KNEE JOINT REPLACEMENT OR REATTACHMENT OF LOWER EXTREM",12059.14,278,"Yes",204
"170","603",12091.12103,4761,450021,"Baylor University Medical Center","TX","CELLULITIS W/O MCC",5493.2,90,"Yes",204
"171","640",17572.77273,6920,450021,"Baylor University Medical Center","TX","MISC DISORDERS OF NUTRITION, METABOLISM, FLUIDS/ELECTROLYTES W MCC",8319.75,96,"Yes",204
"172","641",10777.24211,4244,450021,"Baylor University Medical Center","TX","MISC DISORDERS OF NUTRITION, METABOLISM, FLUIDS/ELECTROLYTES W/O MCC",5218.71,82,"Yes",204
"173","682",21042.10007,8286,450021,"Baylor University Medical Center","TX","RENAL FAILURE W MCC",10975.21,76,"Yes",204
"174","683",12567.72417,4949,450021,"Baylor University Medical Center","TX","RENAL FAILURE W CC",6309.66,126,"Yes",204
"175","689",15905.37737,6263,450021,"Baylor University Medical Center","TX","KIDNEY & URINARY TRACT INFECTIONS W MCC",7652.25,71,"Yes",204
"176","690",11338.28845,4465,450021,"Baylor University Medical Center","TX","KIDNEY & URINARY TRACT INFECTIONS W/O MCC",5442.19,150,"Yes",204
"177","812",12590.62402,4958,450021,"Baylor University Medical Center","TX","RED BLOOD CELL DISORDERS W/O MCC",6018.13,45,"Yes",204
"178","853",70769.1253,27868,450021,"Baylor University Medical Center","TX","INFECTIOUS & PARASITIC DISEASES W O.R. PROCEDURE W MCC",38157.63,170,"Yes",204
"179","871",26738.43787,10529,450021,"Baylor University Medical Center","TX","SEPTICEMIA OR SEVERE SEPSIS W/O MV >96 HOURS W MCC",12445.35,826,"Yes",204
"180","872",14621.55451,5758,450021,"Baylor University Medical Center","TX","SEPTICEMIA OR SEVERE SEPSIS W/O MV >96 HOURS W/O MCC",6899.81,206,"Yes",204
"181","64",24427.48476,10782,450372,"Baylor Scott & White Medical Center- Waxahachie","TX","INTRACRANIAL HEMORRHAGE OR CEREBRAL INFARCTION W MCC",10263.22,18,"Yes",204
"182","65",13001.60219,5739,450372,"Baylor Scott & White Medical Center- Waxahachie","TX","INTRACRANIAL HEMORRHAGE OR CEREBRAL INFARCTION W CC OR TPA IN 24 HRS",5565.48,23,"Yes",204
"183","177",23563.00974,10400,450372,"Baylor Scott & White Medical Center- Waxahachie","TX","RESPIRATORY INFECTIONS & INFLAMMATIONS W MCC",10878.2,20,"Yes",204
"184","189",15639.71946,6903,450372,"Baylor Scott & White Medical Center- Waxahachie","TX","PULMONARY EDEMA & RESPIRATORY FAILURE",7262.48,80,"Yes",204
"185","190",14351.30691,6334,450372,"Baylor Scott & White Medical Center- Waxahachie","TX","CHRONIC OBSTRUCTIVE PULMONARY DISEASE W MCC",6807.59,78,"Yes",204
"186","191",11276.4829,4977,450372,"Baylor Scott & White Medical Center- Waxahachie","TX","CHRONIC OBSTRUCTIVE PULMONARY DISEASE W CC",5344.75,28,"Yes",204
"187","193",16736.59397,7387,450372,"Baylor Scott & White Medical Center- Waxahachie","TX","SIMPLE PNEUMONIA & PLEURISY W MCC",7640.98,81,"Yes",204
"188","194",11019.82193,4864,450372,"Baylor Scott & White Medical Center- Waxahachie","TX","SIMPLE PNEUMONIA & PLEURISY W CC",5254.44,48,"Yes",204
"189","208",32463.14402,14328,450372,"Baylor Scott & White Medical Center- Waxahachie","TX","RESPIRATORY SYSTEM DIAGNOSIS W VENTILATOR SUPPORT <=96 HOURS",15169.43,30,"Yes",204
"190","291",17122.2239,7557,450372,"Baylor Scott & White Medical Center- Waxahachie","TX","HEART FAILURE & SHOCK W MCC",7918.84,161,"Yes",204
"191","292",11429.71333,5045,450372,"Baylor Scott & White Medical Center- Waxahachie","TX","HEART FAILURE & SHOCK W CC",5486.38,58,"Yes",204
"192","308",15314.10479,6759,450372,"Baylor Scott & White Medical Center- Waxahachie","TX","CARDIAC ARRHYTHMIA & CONDUCTION DISORDERS W MCC",7283.62,26,"Yes",204
"193","309",9569.240501,4224,450372,"Baylor Scott & White Medical Center- Waxahachie","TX","CARDIAC ARRHYTHMIA & CONDUCTION DISORDERS W CC",4429.62,29,"Yes",204
"194","312",10690.3765,4718,450372,"Baylor Scott & White Medical Center- Waxahachie","TX","SYNCOPE & COLLAPSE",4670.23,22,"Yes",204
"195","378",12682.37212,5598,450372,"Baylor Scott & White Medical Center- Waxahachie","TX","G.I. HEMORRHAGE W CC",5852.65,31,"Yes",204
"196","389",10493.73078,4632,450372,"Baylor Scott & White Medical Center- Waxahachie","TX","G.I. OBSTRUCTION W CC",4791.5,20,"Yes",204
"197","391",15889.99584,7013,450372,"Baylor Scott & White Medical Center- Waxahachie","TX","ESOPHAGITIS, GASTROENT & MISC DIGEST DISORDERS W MCC",7525.68,25,"Yes",204
"198","392",9760.778541,4308,450372,"Baylor Scott & White Medical Center- Waxahachie","TX","ESOPHAGITIS, GASTROENT & MISC DIGEST DISORDERS W/O MCC",4143.07,46,"Yes",204
"199","470",31202,10708,450372,"Baylor Scott & White Medical Center- Waxahachie","TX","MAJOR HIP AND KNEE JOINT REPLACEMENT OR REATTACHMENT OF LOWER EXTREM",10485.34,174,"Yes",204
"200","603",10787.42244,4761,450372,"Baylor Scott & White Medical Center- Waxahachie","TX","CELLULITIS W/O MCC",4620.09,46,"Yes",204
"201","640",15678.02707,6920,450372,"Baylor Scott & White Medical Center- Waxahachie","TX","MISC DISORDERS OF NUTRITION, METABOLISM, FLUIDS/ELECTROLYTES W MCC",7226.69,39,"Yes",204
"202","641",9615.209631,4244,450372,"Baylor Scott & White Medical Center- Waxahachie","TX","MISC DISORDERS OF NUTRITION, METABOLISM, FLUIDS/ELECTROLYTES W/O MCC",4290.82,33,"Yes",204
"203","682",18773.2818,8286,450372,"Baylor Scott & White Medical Center- Waxahachie","TX","RENAL FAILURE W MCC",8760.62,34,"Yes",204
"204","683",11212.63689,4949,450372,"Baylor Scott & White Medical Center- Waxahachie","TX","RENAL FAILURE W CC",5287.74,58,"Yes",204
"205","689",14190.41496,6263,450372,"Baylor Scott & White Medical Center- Waxahachie","TX","KIDNEY & URINARY TRACT INFECTIONS W MCC",6616.36,42,"Yes",204
"206","690",10115.76238,4465,450372,"Baylor Scott & White Medical Center- Waxahachie","TX","KIDNEY & URINARY TRACT INFECTIONS W/O MCC",4519.44,52,"Yes",204
"207","812",11233.06761,4958,450372,"Baylor Scott & White Medical Center- Waxahachie","TX","RED BLOOD CELL DISORDERS W/O MCC",5270.11,27,"Yes",204
"208","853",63138.59965,27868,450372,"Baylor Scott & White Medical Center- Waxahachie","TX","INFECTIOUS & PARASITIC DISEASES W O.R. PROCEDURE W MCC",28881.13,24,"Yes",204
"209","871",23855.42448,10529,450372,"Baylor Scott & White Medical Center- Waxahachie","TX","SEPTICEMIA OR SEVERE SEPSIS W/O MV >96 HOURS W MCC",10392.61,172,"Yes",204
"210","872",13045.01747,5758,450372,"Baylor Scott & White Medical Center- Waxahachie","TX","SEPTICEMIA OR SEVERE SEPSIS W/O MV >96 HOURS W/O MCC",5953.19,52,"Yes",204
"211","64",NA,NA,450675,"Medical City Arlington","TX","INTRACRANIAL HEMORRHAGE OR CEREBRAL INFARCTION W MCC",12309.35,55,"No",139
"212","65",NA,NA,450675,"Medical City Arlington","TX","INTRACRANIAL HEMORRHAGE OR CEREBRAL INFARCTION W CC OR TPA IN 24 HRS",7406.58,40,"No",139
"213","177",NA,NA,450675,"Medical City Arlington","TX","RESPIRATORY INFECTIONS & INFLAMMATIONS W MCC",12258.95,38,"No",139
"214","189",NA,NA,450675,"Medical City Arlington","TX","PULMONARY EDEMA & RESPIRATORY FAILURE",9381.67,55,"No",139
"215","190",NA,NA,450675,"Medical City Arlington","TX","CHRONIC OBSTRUCTIVE PULMONARY DISEASE W MCC",7913.24,25,"No",139
"216","191",NA,NA,450675,"Medical City Arlington","TX","CHRONIC OBSTRUCTIVE PULMONARY DISEASE W CC",6746.9,21,"No",139
"217","193",NA,NA,450675,"Medical City Arlington","TX","SIMPLE PNEUMONIA & PLEURISY W MCC",9278.37,76,"No",139
"218","194",NA,NA,450675,"Medical City Arlington","TX","SIMPLE PNEUMONIA & PLEURISY W CC",6148.45,20,"No",139
"219","208",NA,NA,450675,"Medical City Arlington","TX","RESPIRATORY SYSTEM DIAGNOSIS W VENTILATOR SUPPORT <=96 HOURS",16858.17,47,"No",139
"220","291",NA,NA,450675,"Medical City Arlington","TX","HEART FAILURE & SHOCK W MCC",9871.54,174,"No",139
"221","292",NA,NA,450675,"Medical City Arlington","TX","HEART FAILURE & SHOCK W CC",7194.71,24,"No",139
"222","308",NA,NA,450675,"Medical City Arlington","TX","CARDIAC ARRHYTHMIA & CONDUCTION DISORDERS W MCC",8476,28,"No",139
"223","309",NA,NA,450675,"Medical City Arlington","TX","CARDIAC ARRHYTHMIA & CONDUCTION DISORDERS W CC",5515.84,25,"No",139
"224","312",NA,NA,450675,"Medical City Arlington","TX","SYNCOPE & COLLAPSE",6369.98,44,"No",139
"225","378",NA,NA,450675,"Medical City Arlington","TX","G.I. HEMORRHAGE W CC",6758.81,31,"No",139
"226","389",NA,NA,450675,"Medical City Arlington","TX","G.I. OBSTRUCTION W CC",6727.38,13,"No",139
"227","391",NA,NA,450675,"Medical City Arlington","TX","ESOPHAGITIS, GASTROENT & MISC DIGEST DISORDERS W MCC",9176.08,26,"No",139
"228","392",NA,NA,450675,"Medical City Arlington","TX","ESOPHAGITIS, GASTROENT & MISC DIGEST DISORDERS W/O MCC",5892.3,44,"No",139
"229","470",NA,NA,450675,"Medical City Arlington","TX","MAJOR HIP AND KNEE JOINT REPLACEMENT OR REATTACHMENT OF LOWER EXTREM",12172.77,60,"No",139
"230","603",NA,NA,450675,"Medical City Arlington","TX","CELLULITIS W/O MCC",6009.71,21,"No",139
"231","640",NA,NA,450675,"Medical City Arlington","TX","MISC DISORDERS OF NUTRITION, METABOLISM, FLUIDS/ELECTROLYTES W MCC",9012.62,58,"No",139
"232","641",NA,NA,450675,"Medical City Arlington","TX","MISC DISORDERS OF NUTRITION, METABOLISM, FLUIDS/ELECTROLYTES W/O MCC",6347.59,22,"No",139
"233","682",NA,NA,450675,"Medical City Arlington","TX","RENAL FAILURE W MCC",10776.41,76,"No",139
"234","683",NA,NA,450675,"Medical City Arlington","TX","RENAL FAILURE W CC",7173.67,52,"No",139
"235","689",NA,NA,450675,"Medical City Arlington","TX","KIDNEY & URINARY TRACT INFECTIONS W MCC",8079.14,57,"No",139
"236","690",NA,NA,450675,"Medical City Arlington","TX","KIDNEY & URINARY TRACT INFECTIONS W/O MCC",6438.59,37,"No",139
"237","812",NA,NA,450675,"Medical City Arlington","TX","RED BLOOD CELL DISORDERS W/O MCC",7225.39,18,"No",139
"238","853",NA,NA,450675,"Medical City Arlington","TX","INFECTIOUS & PARASITIC DISEASES W O.R. PROCEDURE W MCC",27990.36,56,"No",139
"239","871",NA,NA,450675,"Medical City Arlington","TX","SEPTICEMIA OR SEVERE SEPSIS W/O MV >96 HOURS W MCC",12154.14,335,"No",139
"240","872",NA,NA,450675,"Medical City Arlington","TX","SEPTICEMIA OR SEVERE SEPSIS W/O MV >96 HOURS W/O MCC",7853.87,52,"No",139
"241","64",NA,NA,450672,"Medical City Fort Worth","TX","INTRACRANIAL HEMORRHAGE OR CEREBRAL INFARCTION W MCC",10693.39,102,"No",139
"242","65",NA,NA,450672,"Medical City Fort Worth","TX","INTRACRANIAL HEMORRHAGE OR CEREBRAL INFARCTION W CC OR TPA IN 24 HRS",5957.59,82,"No",139
"243","177",NA,NA,450672,"Medical City Fort Worth","TX","RESPIRATORY INFECTIONS & INFLAMMATIONS W MCC",11682.63,19,"No",139
"244","189",NA,NA,450672,"Medical City Fort Worth","TX","PULMONARY EDEMA & RESPIRATORY FAILURE",7999.38,40,"No",139
"245","190",NA,NA,450672,"Medical City Fort Worth","TX","CHRONIC OBSTRUCTIVE PULMONARY DISEASE W MCC",7228.91,11,"No",139
"246","191",NA,NA,450672,"Medical City Fort Worth","TX","CHRONIC OBSTRUCTIVE PULMONARY DISEASE W CC",5440.64,14,"No",139
"247","193",NA,NA,450672,"Medical City Fort Worth","TX","SIMPLE PNEUMONIA & PLEURISY W MCC",8385.59,39,"No",139
"248","194",NA,NA,450672,"Medical City Fort Worth","TX","SIMPLE PNEUMONIA & PLEURISY W CC",5660.29,14,"No",139
"249","208",NA,NA,450672,"Medical City Fort Worth","TX","RESPIRATORY SYSTEM DIAGNOSIS W VENTILATOR SUPPORT <=96 HOURS",15497.38,37,"No",139
"250","291",NA,NA,450672,"Medical City Fort Worth","TX","HEART FAILURE & SHOCK W MCC",8264.73,114,"No",139
"251","292",NA,NA,450672,"Medical City Fort Worth","TX","HEART FAILURE & SHOCK W CC",5256.23,13,"No",139
"252","308",NA,NA,450672,"Medical City Fort Worth","TX","CARDIAC ARRHYTHMIA & CONDUCTION DISORDERS W MCC",7309.58,33,"No",139
"253","309",NA,NA,450672,"Medical City Fort Worth","TX","CARDIAC ARRHYTHMIA & CONDUCTION DISORDERS W CC",4774.97,30,"No",139
"254","312",NA,NA,450672,"Medical City Fort Worth","TX","SYNCOPE & COLLAPSE",4974.28,32,"No",139
"255","378",NA,NA,450672,"Medical City Fort Worth","TX","G.I. HEMORRHAGE W CC",5963.72,25,"No",139
"256","389",NA,NA,450672,"Medical City Fort Worth","TX","G.I. OBSTRUCTION W CC",5461.82,11,"No",139
"257","391",NA,NA,450672,"Medical City Fort Worth","TX","ESOPHAGITIS, GASTROENT & MISC DIGEST DISORDERS W MCC",8002.58,19,"No",139
"258","392",NA,NA,450672,"Medical City Fort Worth","TX","ESOPHAGITIS, GASTROENT & MISC DIGEST DISORDERS W/O MCC",4518.51,35,"No",139
"259","470",NA,NA,450672,"Medical City Fort Worth","TX","MAJOR HIP AND KNEE JOINT REPLACEMENT OR REATTACHMENT OF LOWER EXTREM",10944.62,45,"No",139
"260","603",NA,NA,450672,"Medical City Fort Worth","TX","CELLULITIS W/O MCC",4722.53,17,"No",139
"261","640",NA,NA,450672,"Medical City Fort Worth","TX","MISC DISORDERS OF NUTRITION, METABOLISM, FLUIDS/ELECTROLYTES W MCC",7686.71,45,"No",139
"262","641",NA,NA,450672,"Medical City Fort Worth","TX","MISC DISORDERS OF NUTRITION, METABOLISM, FLUIDS/ELECTROLYTES W/O MCC",4736.88,17,"No",139
"263","682",NA,NA,450672,"Medical City Fort Worth","TX","RENAL FAILURE W MCC",9099.12,34,"No",139
"264","683",NA,NA,450672,"Medical City Fort Worth","TX","RENAL FAILURE W CC",5275.8,44,"No",139
"265","689",NA,NA,450672,"Medical City Fort Worth","TX","KIDNEY & URINARY TRACT INFECTIONS W MCC",6940.19,26,"No",139
"266","690",NA,NA,450672,"Medical City Fort Worth","TX","KIDNEY & URINARY TRACT INFECTIONS W/O MCC",4595.27,26,"No",139
"267","812",NA,NA,450672,"Medical City Fort Worth","TX","RED BLOOD CELL DISORDERS W/O MCC",5694.33,15,"No",139
"268","853",NA,NA,450672,"Medical City Fort Worth","TX","INFECTIOUS & PARASITIC DISEASES W O.R. PROCEDURE W MCC",34304.18,49,"No",139
"269","871",NA,NA,450672,"Medical City Fort Worth","TX","SEPTICEMIA OR SEVERE SEPSIS W/O MV >96 HOURS W MCC",11332.26,248,"No",139
"270","872",NA,NA,450672,"Medical City Fort Worth","TX","SEPTICEMIA OR SEVERE SEPSIS W/O MV >96 HOURS W/O MCC",6669.15,46,"No",139
"271","64",NA,NA,450647,"Medical City Dallas","TX","INTRACRANIAL HEMORRHAGE OR CEREBRAL INFARCTION W MCC",12331.57,51,"No",204
"272","65",NA,NA,450647,"Medical City Dallas","TX","INTRACRANIAL HEMORRHAGE OR CEREBRAL INFARCTION W CC OR TPA IN 24 HRS",5938.17,59,"No",204
"273","177",NA,NA,450647,"Medical City Dallas","TX","RESPIRATORY INFECTIONS & INFLAMMATIONS W MCC",10925.8,44,"No",204
"274","189",NA,NA,450647,"Medical City Dallas","TX","PULMONARY EDEMA & RESPIRATORY FAILURE",7930.49,70,"No",204
"275","190",NA,NA,450647,"Medical City Dallas","TX","CHRONIC OBSTRUCTIVE PULMONARY DISEASE W MCC",8635.59,27,"No",204
"276","191",NA,NA,450647,"Medical City Dallas","TX","CHRONIC OBSTRUCTIVE PULMONARY DISEASE W CC",5934.26,31,"No",204
"277","193",NA,NA,450647,"Medical City Dallas","TX","SIMPLE PNEUMONIA & PLEURISY W MCC",8350.57,70,"No",204
"278","194",NA,NA,450647,"Medical City Dallas","TX","SIMPLE PNEUMONIA & PLEURISY W CC",5730.64,50,"No",204
"279","208",NA,NA,450647,"Medical City Dallas","TX","RESPIRATORY SYSTEM DIAGNOSIS W VENTILATOR SUPPORT <=96 HOURS",17168.34,41,"No",204
"280","291",NA,NA,450647,"Medical City Dallas","TX","HEART FAILURE & SHOCK W MCC",9109.76,192,"No",204
"281","292",NA,NA,450647,"Medical City Dallas","TX","HEART FAILURE & SHOCK W CC",6053.45,29,"No",204
"282","308",NA,NA,450647,"Medical City Dallas","TX","CARDIAC ARRHYTHMIA & CONDUCTION DISORDERS W MCC",7977.5,30,"No",204
"283","309",NA,NA,450647,"Medical City Dallas","TX","CARDIAC ARRHYTHMIA & CONDUCTION DISORDERS W CC",4782.25,48,"No",204
"284","312",NA,NA,450647,"Medical City Dallas","TX","SYNCOPE & COLLAPSE",5233.04,47,"No",204
"285","378",NA,NA,450647,"Medical City Dallas","TX","G.I. HEMORRHAGE W CC",16363.34,41,"No",204
"286","389",NA,NA,450647,"Medical City Dallas","TX","G.I. OBSTRUCTION W CC",4948.09,22,"No",204
"287","391",NA,NA,450647,"Medical City Dallas","TX","ESOPHAGITIS, GASTROENT & MISC DIGEST DISORDERS W MCC",7262.6,30,"No",204
"288","392",NA,NA,450647,"Medical City Dallas","TX","ESOPHAGITIS, GASTROENT & MISC DIGEST DISORDERS W/O MCC",4735.74,108,"No",204
"289","470",NA,NA,450647,"Medical City Dallas","TX","MAJOR HIP AND KNEE JOINT REPLACEMENT OR REATTACHMENT OF LOWER EXTREM",10901.27,163,"No",204
"290","603",NA,NA,450647,"Medical City Dallas","TX","CELLULITIS W/O MCC",4974.2,46,"No",204
"291","640",NA,NA,450647,"Medical City Dallas","TX","MISC DISORDERS OF NUTRITION, METABOLISM, FLUIDS/ELECTROLYTES W MCC",7940.83,82,"No",204
"292","641",NA,NA,450647,"Medical City Dallas","TX","MISC DISORDERS OF NUTRITION, METABOLISM, FLUIDS/ELECTROLYTES W/O MCC",4987.38,53,"No",204
"293","682",NA,NA,450647,"Medical City Dallas","TX","RENAL FAILURE W MCC",9606.77,90,"No",204
"294","683",NA,NA,450647,"Medical City Dallas","TX","RENAL FAILURE W CC",6032.37,81,"No",204
"295","689",NA,NA,450647,"Medical City Dallas","TX","KIDNEY & URINARY TRACT INFECTIONS W MCC",7141.59,32,"No",204
"296","690",NA,NA,450647,"Medical City Dallas","TX","KIDNEY & URINARY TRACT INFECTIONS W/O MCC",5276.95,56,"No",204
"297","812",NA,NA,450647,"Medical City Dallas","TX","RED BLOOD CELL DISORDERS W/O MCC",5388.56,48,"No",204
"298","853",NA,NA,450647,"Medical City Dallas","TX","INFECTIOUS & PARASITIC DISEASES W O.R. PROCEDURE W MCC",31257.02,47,"No",204
"299","871",NA,NA,450647,"Medical City Dallas","TX","SEPTICEMIA OR SEVERE SEPSIS W/O MV >96 HOURS W MCC",11370.2,221,"No",204
"300","872",NA,NA,450647,"Medical City Dallas","TX","SEPTICEMIA OR SEVERE SEPSIS W/O MV >96 HOURS W/O MCC",6594.26,72,"No",204
